user0,1,12h,tmp,Test
user1,1,12h,tmp,Test
user2,1,12h,tmp,Test
user3,1,12h,tmp,Test
user4,1,12h,tmp,Test
user5,1,12h,tmp,Test
user6,1,12h,tmp,Test
user7,1,12h,tmp,Test
user8,1,12h,tmp,Test
user9,1,12h,tmp,Test
user10,1,12h,tmp,Test
user11,1,12h,tmp,Test
user12,1,12h,tmp,Test
user13,1,12h,tmp,Test
user14,1,12h,tmp,Test
user15,1,12h,tmp,Test
user16,1,12h,tmp,Test
user17,1,12h,tmp,Test
user18,1,12h,tmp,Test
user19,1,12h,tmp,Test
user20,1,12h,tmp,Test
user21,1,12h,tmp,Test
user22,1,12h,tmp,Test
user23,1,12h,tmp,Test
user24,1,12h,tmp,Test
user25,1,12h,tmp,Test
user26,1,12h,tmp,Test
user27,1,12h,tmp,Test
user28,1,12h,tmp,Test
user29,1,12h,tmp,Test
user30,1,12h,tmp,Test
user31,1,12h,tmp,Test
user32,1,12h,tmp,Test
user33,1,12h,tmp,Test
user34,1,12h,tmp,Test
user35,1,12h,tmp,Test
user36,1,12h,tmp,Test
user37,1,12h,tmp,Test
user38,1,12h,tmp,Test
user39,1,12h,tmp,Test
user40,1,12h,tmp,Test
user41,1,12h,tmp,Test
user42,1,12h,tmp,Test
user43,1,12h,tmp,Test
user44,1,12h,tmp,Test
user45,1,12h,tmp,Test
user46,1,12h,tmp,Test
user47,1,12h,tmp,Test
user48,1,12h,tmp,Test
user49,1,12h,tmp,Test
user50,1,12h,tmp,Test
user51,1,12h,tmp,Test
user52,1,12h,tmp,Test
user53,1,12h,tmp,Test
user54,1,12h,tmp,Test
user55,1,12h,tmp,Test
user56,1,12h,tmp,Test
user57,1,12h,tmp,Test
user58,1,12h,tmp,Test
user59,1,12h,tmp,Test
user60,1,12h,tmp,Test
user61,1,12h,tmp,Test
user62,1,12h,tmp,Test
user63,1,12h,tmp,Test
user64,1,12h,tmp,Test
user65,1,12h,tmp,Test
user66,1,12h,tmp,Test
user67,1,12h,tmp,Test
user68,1,12h,tmp,Test
user69,1,12h,tmp,Test
user70,1,12h,tmp,Test
user71,1,12h,tmp,Test
user72,1,12h,tmp,Test
user73,1,12h,tmp,Test
user74,1,12h,tmp,Test
user75,1,12h,tmp,Test
user76,1,12h,tmp,Test
user77,1,12h,tmp,Test
user78,1,12h,tmp,Test
user79,1,12h,tmp,Test
user80,1,12h,tmp,Test
user81,1,12h,tmp,Test
user82,1,12h,tmp,Test
user83,1,12h,tmp,Test
user84,1,12h,tmp,Test
user85,1,12h,tmp,Test
user86,1,12h,tmp,Test
user87,1,12h,tmp,Test
user88,1,12h,tmp,Test
user89,1,12h,tmp,Test
user90,1,12h,tmp,Test
user91,1,12h,tmp,Test
user92,1,12h,tmp,Test
user93,1,12h,tmp,Test
user94,1,12h,tmp,Test
user95,1,12h,tmp,Test
user96,1,12h,tmp,Test
user97,1,12h,tmp,Test
user98,1,12h,tmp,Test
user99,1,12h,tmp,Test
user100,1,12h,tmp,Test
user101,1,12h,tmp,Test
user102,1,12h,tmp,Test
user103,1,12h,tmp,Test
user104,1,12h,tmp,Test
user105,1,12h,tmp,Test
user106,1,12h,tmp,Test
user107,1,12h,tmp,Test
user108,1,12h,tmp,Test
user109,1,12h,tmp,Test
user110,1,12h,tmp,Test
user111,1,12h,tmp,Test
user112,1,12h,tmp,Test
user113,1,12h,tmp,Test
user114,1,12h,tmp,Test
user115,1,12h,tmp,Test
user116,1,12h,tmp,Test
user117,1,12h,tmp,Test
user118,1,12h,tmp,Test
user119,1,12h,tmp,Test
user120,1,12h,tmp,Test
user121,1,12h,tmp,Test
user122,1,12h,tmp,Test
user123,1,12h,tmp,Test
user124,1,12h,tmp,Test
user125,1,12h,tmp,Test
user126,1,12h,tmp,Test
user127,1,12h,tmp,Test
user128,1,12h,tmp,Test
user129,1,12h,tmp,Test
user130,1,12h,tmp,Test
user131,1,12h,tmp,Test
user132,1,12h,tmp,Test
user133,1,12h,tmp,Test
user134,1,12h,tmp,Test
user135,1,12h,tmp,Test
user136,1,12h,tmp,Test
user137,1,12h,tmp,Test
user138,1,12h,tmp,Test
user139,1,12h,tmp,Test
user140,1,12h,tmp,Test
user141,1,12h,tmp,Test
user142,1,12h,tmp,Test
user143,1,12h,tmp,Test
user144,1,12h,tmp,Test
user145,1,12h,tmp,Test
user146,1,12h,tmp,Test
user147,1,12h,tmp,Test
user148,1,12h,tmp,Test
user149,1,12h,tmp,Test
user150,1,12h,tmp,Test
user151,1,12h,tmp,Test
user152,1,12h,tmp,Test
user153,1,12h,tmp,Test
user154,1,12h,tmp,Test
user155,1,12h,tmp,Test
user156,1,12h,tmp,Test
user157,1,12h,tmp,Test
user158,1,12h,tmp,Test
user159,1,12h,tmp,Test
user160,1,12h,tmp,Test
user161,1,12h,tmp,Test
user162,1,12h,tmp,Test
user163,1,12h,tmp,Test
user164,1,12h,tmp,Test
user165,1,12h,tmp,Test
user166,1,12h,tmp,Test
user167,1,12h,tmp,Test
user168,1,12h,tmp,Test
user169,1,12h,tmp,Test
user170,1,12h,tmp,Test
user171,1,12h,tmp,Test
user172,1,12h,tmp,Test
user173,1,12h,tmp,Test
user174,1,12h,tmp,Test
user175,1,12h,tmp,Test
user176,1,12h,tmp,Test
user177,1,12h,tmp,Test
user178,1,12h,tmp,Test
user179,1,12h,tmp,Test
user180,1,12h,tmp,Test
user181,1,12h,tmp,Test
user182,1,12h,tmp,Test
user183,1,12h,tmp,Test
user184,1,12h,tmp,Test
user185,1,12h,tmp,Test
user186,1,12h,tmp,Test
user187,1,12h,tmp,Test
user188,1,12h,tmp,Test
user189,1,12h,tmp,Test
user190,1,12h,tmp,Test
user191,1,12h,tmp,Test
user192,1,12h,tmp,Test
user193,1,12h,tmp,Test
user194,1,12h,tmp,Test
user195,1,12h,tmp,Test
user196,1,12h,tmp,Test
user197,1,12h,tmp,Test
user198,1,12h,tmp,Test
user199,1,12h,tmp,Test
user200,1,12h,tmp,Test
user201,1,12h,tmp,Test
user202,1,12h,tmp,Test
user203,1,12h,tmp,Test
user204,1,12h,tmp,Test
user205,1,12h,tmp,Test
user206,1,12h,tmp,Test
user207,1,12h,tmp,Test
user208,1,12h,tmp,Test
user209,1,12h,tmp,Test
user210,1,12h,tmp,Test
user211,1,12h,tmp,Test
user212,1,12h,tmp,Test
user213,1,12h,tmp,Test
user214,1,12h,tmp,Test
user215,1,12h,tmp,Test
user216,1,12h,tmp,Test
user217,1,12h,tmp,Test
user218,1,12h,tmp,Test
user219,1,12h,tmp,Test
user220,1,12h,tmp,Test
user221,1,12h,tmp,Test
user222,1,12h,tmp,Test
user223,1,12h,tmp,Test
user224,1,12h,tmp,Test
user225,1,12h,tmp,Test
user226,1,12h,tmp,Test
user227,1,12h,tmp,Test
user228,1,12h,tmp,Test
user229,1,12h,tmp,Test
user230,1,12h,tmp,Test
user231,1,12h,tmp,Test
user232,1,12h,tmp,Test
user233,1,12h,tmp,Test
user234,1,12h,tmp,Test
user235,1,12h,tmp,Test
user236,1,12h,tmp,Test
user237,1,12h,tmp,Test
user238,1,12h,tmp,Test
user239,1,12h,tmp,Test
user240,1,12h,tmp,Test
user241,1,12h,tmp,Test
user242,1,12h,tmp,Test
user243,1,12h,tmp,Test
user244,1,12h,tmp,Test
user245,1,12h,tmp,Test
user246,1,12h,tmp,Test
user247,1,12h,tmp,Test
user248,1,12h,tmp,Test
user249,1,12h,tmp,Test
user250,1,12h,tmp,Test
user251,1,12h,tmp,Test
user252,1,12h,tmp,Test
user253,1,12h,tmp,Test
user254,1,12h,tmp,Test
user255,1,12h,tmp,Test
user256,1,12h,tmp,Test
user257,1,12h,tmp,Test
user258,1,12h,tmp,Test
user259,1,12h,tmp,Test
user260,1,12h,tmp,Test
user261,1,12h,tmp,Test
user262,1,12h,tmp,Test
user263,1,12h,tmp,Test
user264,1,12h,tmp,Test
user265,1,12h,tmp,Test
user266,1,12h,tmp,Test
user267,1,12h,tmp,Test
user268,1,12h,tmp,Test
user269,1,12h,tmp,Test
user270,1,12h,tmp,Test
user271,1,12h,tmp,Test
user272,1,12h,tmp,Test
user273,1,12h,tmp,Test
user274,1,12h,tmp,Test
user275,1,12h,tmp,Test
user276,1,12h,tmp,Test
user277,1,12h,tmp,Test
user278,1,12h,tmp,Test
user279,1,12h,tmp,Test
user280,1,12h,tmp,Test
user281,1,12h,tmp,Test
user282,1,12h,tmp,Test
user283,1,12h,tmp,Test
user284,1,12h,tmp,Test
user285,1,12h,tmp,Test
user286,1,12h,tmp,Test
user287,1,12h,tmp,Test
user288,1,12h,tmp,Test
user289,1,12h,tmp,Test
user290,1,12h,tmp,Test
user291,1,12h,tmp,Test
user292,1,12h,tmp,Test
user293,1,12h,tmp,Test
user294,1,12h,tmp,Test
user295,1,12h,tmp,Test
user296,1,12h,tmp,Test
user297,1,12h,tmp,Test
user298,1,12h,tmp,Test
user299,1,12h,tmp,Test
user300,1,12h,tmp,Test
user301,1,12h,tmp,Test
user302,1,12h,tmp,Test
user303,1,12h,tmp,Test
user304,1,12h,tmp,Test
user305,1,12h,tmp,Test
user306,1,12h,tmp,Test
user307,1,12h,tmp,Test
user308,1,12h,tmp,Test
user309,1,12h,tmp,Test
user310,1,12h,tmp,Test
user311,1,12h,tmp,Test
user312,1,12h,tmp,Test
user313,1,12h,tmp,Test
user314,1,12h,tmp,Test
user315,1,12h,tmp,Test
user316,1,12h,tmp,Test
user317,1,12h,tmp,Test
user318,1,12h,tmp,Test
user319,1,12h,tmp,Test
user320,1,12h,tmp,Test
user321,1,12h,tmp,Test
user322,1,12h,tmp,Test
user323,1,12h,tmp,Test
user324,1,12h,tmp,Test
user325,1,12h,tmp,Test
user326,1,12h,tmp,Test
user327,1,12h,tmp,Test
user328,1,12h,tmp,Test
user329,1,12h,tmp,Test
user330,1,12h,tmp,Test
user331,1,12h,tmp,Test
user332,1,12h,tmp,Test
user333,1,12h,tmp,Test
user334,1,12h,tmp,Test
user335,1,12h,tmp,Test
user336,1,12h,tmp,Test
user337,1,12h,tmp,Test
user338,1,12h,tmp,Test
user339,1,12h,tmp,Test
user340,1,12h,tmp,Test
user341,1,12h,tmp,Test
user342,1,12h,tmp,Test
user343,1,12h,tmp,Test
user344,1,12h,tmp,Test
user345,1,12h,tmp,Test
user346,1,12h,tmp,Test
user347,1,12h,tmp,Test
user348,1,12h,tmp,Test
user349,1,12h,tmp,Test
user350,1,12h,tmp,Test
user351,1,12h,tmp,Test
user352,1,12h,tmp,Test
user353,1,12h,tmp,Test
user354,1,12h,tmp,Test
user355,1,12h,tmp,Test
user356,1,12h,tmp,Test
user357,1,12h,tmp,Test
user358,1,12h,tmp,Test
user359,1,12h,tmp,Test
user360,1,12h,tmp,Test
user361,1,12h,tmp,Test
user362,1,12h,tmp,Test
user363,1,12h,tmp,Test
user364,1,12h,tmp,Test
user365,1,12h,tmp,Test
user366,1,12h,tmp,Test
user367,1,12h,tmp,Test
user368,1,12h,tmp,Test
user369,1,12h,tmp,Test
user370,1,12h,tmp,Test
user371,1,12h,tmp,Test
user372,1,12h,tmp,Test
user373,1,12h,tmp,Test
user374,1,12h,tmp,Test
user375,1,12h,tmp,Test
user376,1,12h,tmp,Test
user377,1,12h,tmp,Test
user378,1,12h,tmp,Test
user379,1,12h,tmp,Test
user380,1,12h,tmp,Test
user381,1,12h,tmp,Test
user382,1,12h,tmp,Test
user383,1,12h,tmp,Test
user384,1,12h,tmp,Test
user385,1,12h,tmp,Test
user386,1,12h,tmp,Test
user387,1,12h,tmp,Test
user388,1,12h,tmp,Test
user389,1,12h,tmp,Test
user390,1,12h,tmp,Test
user391,1,12h,tmp,Test
user392,1,12h,tmp,Test
user393,1,12h,tmp,Test
user394,1,12h,tmp,Test
user395,1,12h,tmp,Test
user396,1,12h,tmp,Test
user397,1,12h,tmp,Test
user398,1,12h,tmp,Test
user399,1,12h,tmp,Test
user400,1,12h,tmp,Test
user401,1,12h,tmp,Test
user402,1,12h,tmp,Test
user403,1,12h,tmp,Test
user404,1,12h,tmp,Test
user405,1,12h,tmp,Test
user406,1,12h,tmp,Test
user407,1,12h,tmp,Test
user408,1,12h,tmp,Test
user409,1,12h,tmp,Test
user410,1,12h,tmp,Test
user411,1,12h,tmp,Test
user412,1,12h,tmp,Test
user413,1,12h,tmp,Test
user414,1,12h,tmp,Test
user415,1,12h,tmp,Test
user416,1,12h,tmp,Test
user417,1,12h,tmp,Test
user418,1,12h,tmp,Test
user419,1,12h,tmp,Test
user420,1,12h,tmp,Test
user421,1,12h,tmp,Test
user422,1,12h,tmp,Test
user423,1,12h,tmp,Test
user424,1,12h,tmp,Test
user425,1,12h,tmp,Test
user426,1,12h,tmp,Test
user427,1,12h,tmp,Test
user428,1,12h,tmp,Test
user429,1,12h,tmp,Test
user430,1,12h,tmp,Test
user431,1,12h,tmp,Test
user432,1,12h,tmp,Test
user433,1,12h,tmp,Test
user434,1,12h,tmp,Test
user435,1,12h,tmp,Test
user436,1,12h,tmp,Test
user437,1,12h,tmp,Test
user438,1,12h,tmp,Test
user439,1,12h,tmp,Test
user440,1,12h,tmp,Test
user441,1,12h,tmp,Test
user442,1,12h,tmp,Test
user443,1,12h,tmp,Test
user444,1,12h,tmp,Test
user445,1,12h,tmp,Test
user446,1,12h,tmp,Test
user447,1,12h,tmp,Test
user448,1,12h,tmp,Test
user449,1,12h,tmp,Test
user450,1,12h,tmp,Test
user451,1,12h,tmp,Test
user452,1,12h,tmp,Test
user453,1,12h,tmp,Test
user454,1,12h,tmp,Test
user455,1,12h,tmp,Test
user456,1,12h,tmp,Test
user457,1,12h,tmp,Test
user458,1,12h,tmp,Test
user459,1,12h,tmp,Test
user460,1,12h,tmp,Test
user461,1,12h,tmp,Test
user462,1,12h,tmp,Test
user463,1,12h,tmp,Test
user464,1,12h,tmp,Test
user465,1,12h,tmp,Test
user466,1,12h,tmp,Test
user467,1,12h,tmp,Test
user468,1,12h,tmp,Test
user469,1,12h,tmp,Test
user470,1,12h,tmp,Test
user471,1,12h,tmp,Test
user472,1,12h,tmp,Test
user473,1,12h,tmp,Test
user474,1,12h,tmp,Test
user475,1,12h,tmp,Test
user476,1,12h,tmp,Test
user477,1,12h,tmp,Test
user478,1,12h,tmp,Test
user479,1,12h,tmp,Test
user480,1,12h,tmp,Test
user481,1,12h,tmp,Test
user482,1,12h,tmp,Test
user483,1,12h,tmp,Test
user484,1,12h,tmp,Test
user485,1,12h,tmp,Test
user486,1,12h,tmp,Test
user487,1,12h,tmp,Test
user488,1,12h,tmp,Test
user489,1,12h,tmp,Test
user490,1,12h,tmp,Test
user491,1,12h,tmp,Test
user492,1,12h,tmp,Test
user493,1,12h,tmp,Test
user494,1,12h,tmp,Test
user495,1,12h,tmp,Test
user496,1,12h,tmp,Test
user497,1,12h,tmp,Test
user498,1,12h,tmp,Test
user499,1,12h,tmp,Test
user500,1,12h,tmp,Test
user501,1,12h,tmp,Test
user502,1,12h,tmp,Test
user503,1,12h,tmp,Test
user504,1,12h,tmp,Test
user505,1,12h,tmp,Test
user506,1,12h,tmp,Test
user507,1,12h,tmp,Test
user508,1,12h,tmp,Test
user509,1,12h,tmp,Test
user510,1,12h,tmp,Test
user511,1,12h,tmp,Test
user512,1,12h,tmp,Test
user513,1,12h,tmp,Test
user514,1,12h,tmp,Test
user515,1,12h,tmp,Test
user516,1,12h,tmp,Test
user517,1,12h,tmp,Test
user518,1,12h,tmp,Test
user519,1,12h,tmp,Test
user520,1,12h,tmp,Test
user521,1,12h,tmp,Test
user522,1,12h,tmp,Test
user523,1,12h,tmp,Test
user524,1,12h,tmp,Test
user525,1,12h,tmp,Test
user526,1,12h,tmp,Test
user527,1,12h,tmp,Test
user528,1,12h,tmp,Test
user529,1,12h,tmp,Test
user530,1,12h,tmp,Test
user531,1,12h,tmp,Test
user532,1,12h,tmp,Test
user533,1,12h,tmp,Test
user534,1,12h,tmp,Test
user535,1,12h,tmp,Test
user536,1,12h,tmp,Test
user537,1,12h,tmp,Test
user538,1,12h,tmp,Test
user539,1,12h,tmp,Test
user540,1,12h,tmp,Test
user541,1,12h,tmp,Test
user542,1,12h,tmp,Test
user543,1,12h,tmp,Test
user544,1,12h,tmp,Test
user545,1,12h,tmp,Test
user546,1,12h,tmp,Test
user547,1,12h,tmp,Test
user548,1,12h,tmp,Test
user549,1,12h,tmp,Test
user550,1,12h,tmp,Test
user551,1,12h,tmp,Test
user552,1,12h,tmp,Test
user553,1,12h,tmp,Test
user554,1,12h,tmp,Test
user555,1,12h,tmp,Test
user556,1,12h,tmp,Test
user557,1,12h,tmp,Test
user558,1,12h,tmp,Test
user559,1,12h,tmp,Test
user560,1,12h,tmp,Test
user561,1,12h,tmp,Test
user562,1,12h,tmp,Test
user563,1,12h,tmp,Test
user564,1,12h,tmp,Test
user565,1,12h,tmp,Test
user566,1,12h,tmp,Test
user567,1,12h,tmp,Test
user568,1,12h,tmp,Test
user569,1,12h,tmp,Test
user570,1,12h,tmp,Test
user571,1,12h,tmp,Test
user572,1,12h,tmp,Test
user573,1,12h,tmp,Test
user574,1,12h,tmp,Test
user575,1,12h,tmp,Test
user576,1,12h,tmp,Test
user577,1,12h,tmp,Test
user578,1,12h,tmp,Test
user579,1,12h,tmp,Test
user580,1,12h,tmp,Test
user581,1,12h,tmp,Test
user582,1,12h,tmp,Test
user583,1,12h,tmp,Test
user584,1,12h,tmp,Test
user585,1,12h,tmp,Test
user586,1,12h,tmp,Test
user587,1,12h,tmp,Test
user588,1,12h,tmp,Test
user589,1,12h,tmp,Test
user590,1,12h,tmp,Test
user591,1,12h,tmp,Test
user592,1,12h,tmp,Test
user593,1,12h,tmp,Test
user594,1,12h,tmp,Test
user595,1,12h,tmp,Test
user596,1,12h,tmp,Test
user597,1,12h,tmp,Test
user598,1,12h,tmp,Test
user599,1,12h,tmp,Test
user600,1,12h,tmp,Test
user601,1,12h,tmp,Test
user602,1,12h,tmp,Test
user603,1,12h,tmp,Test
user604,1,12h,tmp,Test
user605,1,12h,tmp,Test
user606,1,12h,tmp,Test
user607,1,12h,tmp,Test
user608,1,12h,tmp,Test
user609,1,12h,tmp,Test
user610,1,12h,tmp,Test
user611,1,12h,tmp,Test
user612,1,12h,tmp,Test
user613,1,12h,tmp,Test
user614,1,12h,tmp,Test
user615,1,12h,tmp,Test
user616,1,12h,tmp,Test
user617,1,12h,tmp,Test
user618,1,12h,tmp,Test
user619,1,12h,tmp,Test
user620,1,12h,tmp,Test
user621,1,12h,tmp,Test
user622,1,12h,tmp,Test
user623,1,12h,tmp,Test
user624,1,12h,tmp,Test
user625,1,12h,tmp,Test
user626,1,12h,tmp,Test
user627,1,12h,tmp,Test
user628,1,12h,tmp,Test
user629,1,12h,tmp,Test
user630,1,12h,tmp,Test
user631,1,12h,tmp,Test
user632,1,12h,tmp,Test
user633,1,12h,tmp,Test
user634,1,12h,tmp,Test
user635,1,12h,tmp,Test
user636,1,12h,tmp,Test
user637,1,12h,tmp,Test
user638,1,12h,tmp,Test
user639,1,12h,tmp,Test
user640,1,12h,tmp,Test
user641,1,12h,tmp,Test
user642,1,12h,tmp,Test
user643,1,12h,tmp,Test
user644,1,12h,tmp,Test
user645,1,12h,tmp,Test
user646,1,12h,tmp,Test
user647,1,12h,tmp,Test
user648,1,12h,tmp,Test
user649,1,12h,tmp,Test
user650,1,12h,tmp,Test
user651,1,12h,tmp,Test
user652,1,12h,tmp,Test
user653,1,12h,tmp,Test
user654,1,12h,tmp,Test
user655,1,12h,tmp,Test
user656,1,12h,tmp,Test
user657,1,12h,tmp,Test
user658,1,12h,tmp,Test
user659,1,12h,tmp,Test
user660,1,12h,tmp,Test
user661,1,12h,tmp,Test
user662,1,12h,tmp,Test
user663,1,12h,tmp,Test
user664,1,12h,tmp,Test
user665,1,12h,tmp,Test
user666,1,12h,tmp,Test
user667,1,12h,tmp,Test
user668,1,12h,tmp,Test
user669,1,12h,tmp,Test
user670,1,12h,tmp,Test
user671,1,12h,tmp,Test
user672,1,12h,tmp,Test
user673,1,12h,tmp,Test
user674,1,12h,tmp,Test
user675,1,12h,tmp,Test
user676,1,12h,tmp,Test
user677,1,12h,tmp,Test
user678,1,12h,tmp,Test
user679,1,12h,tmp,Test
user680,1,12h,tmp,Test
user681,1,12h,tmp,Test
user682,1,12h,tmp,Test
user683,1,12h,tmp,Test
user684,1,12h,tmp,Test
user685,1,12h,tmp,Test
user686,1,12h,tmp,Test
user687,1,12h,tmp,Test
user688,1,12h,tmp,Test
user689,1,12h,tmp,Test
user690,1,12h,tmp,Test
user691,1,12h,tmp,Test
user692,1,12h,tmp,Test
user693,1,12h,tmp,Test
user694,1,12h,tmp,Test
user695,1,12h,tmp,Test
user696,1,12h,tmp,Test
user697,1,12h,tmp,Test
user698,1,12h,tmp,Test
user699,1,12h,tmp,Test
user700,1,12h,tmp,Test
user701,1,12h,tmp,Test
user702,1,12h,tmp,Test
user703,1,12h,tmp,Test
user704,1,12h,tmp,Test
user705,1,12h,tmp,Test
user706,1,12h,tmp,Test
user707,1,12h,tmp,Test
user708,1,12h,tmp,Test
user709,1,12h,tmp,Test
user710,1,12h,tmp,Test
user711,1,12h,tmp,Test
user712,1,12h,tmp,Test
user713,1,12h,tmp,Test
user714,1,12h,tmp,Test
user715,1,12h,tmp,Test
user716,1,12h,tmp,Test
user717,1,12h,tmp,Test
user718,1,12h,tmp,Test
user719,1,12h,tmp,Test
user720,1,12h,tmp,Test
user721,1,12h,tmp,Test
user722,1,12h,tmp,Test
user723,1,12h,tmp,Test
user724,1,12h,tmp,Test
user725,1,12h,tmp,Test
user726,1,12h,tmp,Test
user727,1,12h,tmp,Test
user728,1,12h,tmp,Test
user729,1,12h,tmp,Test
user730,1,12h,tmp,Test
user731,1,12h,tmp,Test
user732,1,12h,tmp,Test
user733,1,12h,tmp,Test
user734,1,12h,tmp,Test
user735,1,12h,tmp,Test
user736,1,12h,tmp,Test
user737,1,12h,tmp,Test
user738,1,12h,tmp,Test
user739,1,12h,tmp,Test
user740,1,12h,tmp,Test
user741,1,12h,tmp,Test
user742,1,12h,tmp,Test
user743,1,12h,tmp,Test
user744,1,12h,tmp,Test
user745,1,12h,tmp,Test
user746,1,12h,tmp,Test
user747,1,12h,tmp,Test
user748,1,12h,tmp,Test
user749,1,12h,tmp,Test
user750,1,12h,tmp,Test
user751,1,12h,tmp,Test
user752,1,12h,tmp,Test
user753,1,12h,tmp,Test
user754,1,12h,tmp,Test
user755,1,12h,tmp,Test
user756,1,12h,tmp,Test
user757,1,12h,tmp,Test
user758,1,12h,tmp,Test
user759,1,12h,tmp,Test
user760,1,12h,tmp,Test
user761,1,12h,tmp,Test
user762,1,12h,tmp,Test
user763,1,12h,tmp,Test
user764,1,12h,tmp,Test
user765,1,12h,tmp,Test
user766,1,12h,tmp,Test
user767,1,12h,tmp,Test
user768,1,12h,tmp,Test
user769,1,12h,tmp,Test
user770,1,12h,tmp,Test
user771,1,12h,tmp,Test
user772,1,12h,tmp,Test
user773,1,12h,tmp,Test
user774,1,12h,tmp,Test
user775,1,12h,tmp,Test
user776,1,12h,tmp,Test
user777,1,12h,tmp,Test
user778,1,12h,tmp,Test
user779,1,12h,tmp,Test
user780,1,12h,tmp,Test
user781,1,12h,tmp,Test
user782,1,12h,tmp,Test
user783,1,12h,tmp,Test
user784,1,12h,tmp,Test
user785,1,12h,tmp,Test
user786,1,12h,tmp,Test
user787,1,12h,tmp,Test
user788,1,12h,tmp,Test
user789,1,12h,tmp,Test
user790,1,12h,tmp,Test
user791,1,12h,tmp,Test
user792,1,12h,tmp,Test
user793,1,12h,tmp,Test
user794,1,12h,tmp,Test
user795,1,12h,tmp,Test
user796,1,12h,tmp,Test
user797,1,12h,tmp,Test
user798,1,12h,tmp,Test
user799,1,12h,tmp,Test
user800,1,12h,tmp,Test
user801,1,12h,tmp,Test
user802,1,12h,tmp,Test
user803,1,12h,tmp,Test
user804,1,12h,tmp,Test
user805,1,12h,tmp,Test
user806,1,12h,tmp,Test
user807,1,12h,tmp,Test
user808,1,12h,tmp,Test
user809,1,12h,tmp,Test
user810,1,12h,tmp,Test
user811,1,12h,tmp,Test
user812,1,12h,tmp,Test
user813,1,12h,tmp,Test
user814,1,12h,tmp,Test
user815,1,12h,tmp,Test
user816,1,12h,tmp,Test
user817,1,12h,tmp,Test
user818,1,12h,tmp,Test
user819,1,12h,tmp,Test
user820,1,12h,tmp,Test
user821,1,12h,tmp,Test
user822,1,12h,tmp,Test
user823,1,12h,tmp,Test
user824,1,12h,tmp,Test
user825,1,12h,tmp,Test
user826,1,12h,tmp,Test
user827,1,12h,tmp,Test
user828,1,12h,tmp,Test
user829,1,12h,tmp,Test
user830,1,12h,tmp,Test
user831,1,12h,tmp,Test
user832,1,12h,tmp,Test
user833,1,12h,tmp,Test
user834,1,12h,tmp,Test
user835,1,12h,tmp,Test
user836,1,12h,tmp,Test
user837,1,12h,tmp,Test
user838,1,12h,tmp,Test
user839,1,12h,tmp,Test
user840,1,12h,tmp,Test
user841,1,12h,tmp,Test
user842,1,12h,tmp,Test
user843,1,12h,tmp,Test
user844,1,12h,tmp,Test
user845,1,12h,tmp,Test
user846,1,12h,tmp,Test
user847,1,12h,tmp,Test
user848,1,12h,tmp,Test
user849,1,12h,tmp,Test
user850,1,12h,tmp,Test
user851,1,12h,tmp,Test
user852,1,12h,tmp,Test
user853,1,12h,tmp,Test
user854,1,12h,tmp,Test
user855,1,12h,tmp,Test
user856,1,12h,tmp,Test
user857,1,12h,tmp,Test
user858,1,12h,tmp,Test
user859,1,12h,tmp,Test
user860,1,12h,tmp,Test
user861,1,12h,tmp,Test
user862,1,12h,tmp,Test
user863,1,12h,tmp,Test
user864,1,12h,tmp,Test
user865,1,12h,tmp,Test
user866,1,12h,tmp,Test
user867,1,12h,tmp,Test
user868,1,12h,tmp,Test
user869,1,12h,tmp,Test
user870,1,12h,tmp,Test
user871,1,12h,tmp,Test
user872,1,12h,tmp,Test
user873,1,12h,tmp,Test
user874,1,12h,tmp,Test
user875,1,12h,tmp,Test
user876,1,12h,tmp,Test
user877,1,12h,tmp,Test
user878,1,12h,tmp,Test
user879,1,12h,tmp,Test
user880,1,12h,tmp,Test
user881,1,12h,tmp,Test
user882,1,12h,tmp,Test
user883,1,12h,tmp,Test
user884,1,12h,tmp,Test
user885,1,12h,tmp,Test
user886,1,12h,tmp,Test
user887,1,12h,tmp,Test
user888,1,12h,tmp,Test
user889,1,12h,tmp,Test
user890,1,12h,tmp,Test
user891,1,12h,tmp,Test
user892,1,12h,tmp,Test
user893,1,12h,tmp,Test
user894,1,12h,tmp,Test
user895,1,12h,tmp,Test
user896,1,12h,tmp,Test
user897,1,12h,tmp,Test
user898,1,12h,tmp,Test
user899,1,12h,tmp,Test
user900,1,12h,tmp,Test
user901,1,12h,tmp,Test
user902,1,12h,tmp,Test
user903,1,12h,tmp,Test
user904,1,12h,tmp,Test
user905,1,12h,tmp,Test
user906,1,12h,tmp,Test
user907,1,12h,tmp,Test
user908,1,12h,tmp,Test
user909,1,12h,tmp,Test
user910,1,12h,tmp,Test
user911,1,12h,tmp,Test
user912,1,12h,tmp,Test
user913,1,12h,tmp,Test
user914,1,12h,tmp,Test
user915,1,12h,tmp,Test
user916,1,12h,tmp,Test
user917,1,12h,tmp,Test
user918,1,12h,tmp,Test
user919,1,12h,tmp,Test
user920,1,12h,tmp,Test
user921,1,12h,tmp,Test
user922,1,12h,tmp,Test
user923,1,12h,tmp,Test
user924,1,12h,tmp,Test
user925,1,12h,tmp,Test
user926,1,12h,tmp,Test
user927,1,12h,tmp,Test
user928,1,12h,tmp,Test
user929,1,12h,tmp,Test
user930,1,12h,tmp,Test
user931,1,12h,tmp,Test
user932,1,12h,tmp,Test
user933,1,12h,tmp,Test
user934,1,12h,tmp,Test
user935,1,12h,tmp,Test
user936,1,12h,tmp,Test
user937,1,12h,tmp,Test
user938,1,12h,tmp,Test
user939,1,12h,tmp,Test
user940,1,12h,tmp,Test
user941,1,12h,tmp,Test
user942,1,12h,tmp,Test
user943,1,12h,tmp,Test
user944,1,12h,tmp,Test
user945,1,12h,tmp,Test
user946,1,12h,tmp,Test
user947,1,12h,tmp,Test
user948,1,12h,tmp,Test
user949,1,12h,tmp,Test
user950,1,12h,tmp,Test
user951,1,12h,tmp,Test
user952,1,12h,tmp,Test
user953,1,12h,tmp,Test
user954,1,12h,tmp,Test
user955,1,12h,tmp,Test
user956,1,12h,tmp,Test
user957,1,12h,tmp,Test
user958,1,12h,tmp,Test
user959,1,12h,tmp,Test
user960,1,12h,tmp,Test
user961,1,12h,tmp,Test
user962,1,12h,tmp,Test
user963,1,12h,tmp,Test
user964,1,12h,tmp,Test
user965,1,12h,tmp,Test
user966,1,12h,tmp,Test
user967,1,12h,tmp,Test
user968,1,12h,tmp,Test
user969,1,12h,tmp,Test
user970,1,12h,tmp,Test
user971,1,12h,tmp,Test
user972,1,12h,tmp,Test
user973,1,12h,tmp,Test
user974,1,12h,tmp,Test
user975,1,12h,tmp,Test
user976,1,12h,tmp,Test
user977,1,12h,tmp,Test
user978,1,12h,tmp,Test
user979,1,12h,tmp,Test
user980,1,12h,tmp,Test
user981,1,12h,tmp,Test
user982,1,12h,tmp,Test
user983,1,12h,tmp,Test
user984,1,12h,tmp,Test
user985,1,12h,tmp,Test
user986,1,12h,tmp,Test
user987,1,12h,tmp,Test
user988,1,12h,tmp,Test
user989,1,12h,tmp,Test
user990,1,12h,tmp,Test
user991,1,12h,tmp,Test
user992,1,12h,tmp,Test
user993,1,12h,tmp,Test
user994,1,12h,tmp,Test
user995,1,12h,tmp,Test
user996,1,12h,tmp,Test
user997,1,12h,tmp,Test
user998,1,12h,tmp,Test
user999,1,12h,tmp,Test
