col1,col2,col3,col4
line1_value1,line1_value2,line1_value3,line1_value4
line2_value1,line2_value2,line2_value3,line2_value4
line3_value1,line3_value2,line3_value3,line3_value4
line4_value1,line4_value2,line4_value3,line4_value4
line5_value1,line5_value2,line5_value3,line5_value4
line6_value1,line6_value2,line6_value3,line6_value4
line7_value1,line7_value2,line7_value3,line7_value4
line8_value1,line8_value2,line8_value3,line8_value4
line9_value1,line9_value2,line9_value3,line9_value4
line10_value1,line10_value2,line10_value3,line10_value4
